State,acs_tot_civilian_labor,acs_pct_employed,acs_pct_unemploy,acs_female_labor,acs_female_employed,acs_tot_pop_wt,acs_pct_male,acs_pct_age_0_17,acs_pct_age_above65,acs_pct_hispanic,acs_pct_white,acs_pct_black,acs_pct_asian,statefip
Alabama,2220715,52.5,4.9,52.3,47.8,4849377,48.4,72.8,52.4,4,68.5,26.6,1.2,1
Alaska,381695,61.9,5.1,63.8,59.2,736732,52.3,70.2,47.1,6.7,65.6,3.4,6,2
Arizona,3113634,54.2,4.7,53.8,49.6,6731484,49.7,71.6,50.8,30.5,78.3,4.2,3.2,4
Arkansas,1361069,54.2,3.9,52.7,49.3,2966369,49.1,71.9,51.5,6.9,78.3,15.8,1.2,5
California,19276719,57.4,5.3,56.8,52,38802500,49.6,72.1,50.8,38.6,61.4,5.8,13.9,6
Colorado,2854920,63.7,3.7,62.3,59,5355866,50.3,72.7,50.1,21.2,84.4,4,2.9,8
Delaware,472991,58.5,4.2,59.7,55.7,935614,48.5,73.8,52.2,8.9,69.2,21.7,3.9,10
District of Columbia,379186,62.3,6.1,66.7,61.3,658893,47.4,77.4,53.2,10.4,40.2,48.8,3.8,11
Connecticut,1952827,61.6,5.3,62.4,57.7,3596677,48.8,74.1,51.9,15,76.8,10.3,4.2,9
Florida,9503651,53.6,4.7,54,49.6,19893297,48.9,75.8,51.7,24.1,76,16.2,2.6,12
Georgia,4869705,56.7,5.1,57.4,52.5,10097343,48.7,70.8,52,9.1,59.9,31.3,3.7,13
Idaho,769337,58.1,3.4,55.7,52.9,1634464,50,69.2,50.5,12,91.7,0.7,1.5,16
Hawaii,702065,58.1,3.3,58.7,56,1419561,50.5,74.5,49.7,10.1,25.4,2.2,37.6,15
Illinois,6681866,60,5.3,60.2,55.5,12880580,49.1,72.7,51.5,16.7,72.1,14.3,5.2,17
Indiana,3321845,59.5,4.5,59.2,55.1,6596855,49.2,71.5,51.5,6.4,84.1,9.3,2,18
Iowa,1667252,64.7,3,63.5,60.9,3107126,49.7,72.2,50.8,5.5,91.3,3.1,2.2,19
Kansas,1474596,61.9,3.4,60.5,57.5,2904021,49.8,70.7,50.7,11.3,84.9,5.9,2.6,20
Kentucky,2067812,54.4,4.5,54.5,50.4,4413457,49.3,72.9,51.4,3.3,87.4,7.9,1.2,21
Louisiana,2180626,55.2,4.4,55.4,51.3,4649676,48.9,71.8,51.8,4.8,62.8,32.3,1.7,22
Maine,693848,59.3,3.7,59,56,1330089,48.7,76.8,51.8,1.5,94.8,1.2,1.1,23
Maryland,3225569,62.7,4.8,63.8,59.3,5976407,48.5,73.3,52.3,9.3,57.4,29.7,6.2,24
Massachusetts,3720446,62.9,4.5,63.6,59.6,6745408,48.5,74.8,52.2,10.8,79.3,7.1,6.1,25
Michigan,4848831,55.9,5,56.8,52.4,9909877,49.1,73.3,51.5,4.8,78.9,13.9,2.8,26
Minnesota,3005705,66.3,3.3,66,63.3,5457173,49.7,72.6,50.7,5.1,84.4,5.7,4.6,27
Mississippi,1339521,51.7,5.6,53.3,48.1,2994079,48.7,70.7,52.2,2.7,58.8,37.8,0.8,28
Missouri,3009857,58.1,4.2,58.4,54.8,6063589,49,72.8,51.6,3.8,82.3,11.7,1.8,29
Montana,520318,60.1,3.1,59.3,56.5,1023579,50.2,73.8,50.2,3.4,89.4,0.6,0.8,30
Nebraska,1024201,67.1,2.9,65.3,62.6,1881503,49.8,70.7,50.8,10.1,88.3,4.7,2.1,31
Nevada,1425975,57.7,5.6,58.4,53.4,2839099,50.3,72.9,50.1,27.8,68,8.6,7.8,32
New Hampshire,742710,64.4,3.5,63.2,60.5,1326813,49.4,75.4,51.1,3.2,93.4,1.3,2.6,33
New Jersey,4725817,61,5,60.5,55.9,8938175,48.8,73.7,51.8,19.3,67.7,13.6,9.3,34
New Mexico,958074,53.4,5.1,54.1,49.6,2085572,49.5,71.6,50.9,47.7,73.1,2,1.5,35
New York,10085377,58.5,4.6,58.6,54.5,19746227,48.5,74.4,52.2,18.6,64,15.7,8.2,36
North Carolina,4849396,56.3,5.1,57.2,52.5,9943964,48.7,72.5,52,9,69.1,21.7,2.5,37
North Dakota,403774,66.5,2.1,64.3,62.6,739482,50.9,72.6,49,2.8,88.5,2,1.2,38
Ohio,5858014,58.7,4.5,58.9,54.9,11594163,49,73.1,51.7,3.4,82.1,12.2,1.9,39
Oklahoma,1840095,57.3,3.4,55.6,52.5,3878051,49.5,71.1,51.1,9.8,72.9,7.4,2,40
Oregon,1972039,56.6,4.8,57.1,52.8,3970239,49.5,74.4,51,12.5,84.6,1.8,4,41
Pennsylvania,6503715,58.1,4.4,58.3,54.5,12787209,48.9,74.6,51.7,6.5,81.4,11.1,3.1,42
Rhode Island,561526,59.7,5,61,56.2,1055173,48.5,74.7,52.2,14,81.3,6.7,3.4,44
South Carolina,2314815,54.9,4.9,55.9,51.2,4832482,48.7,73.1,52,5.3,67.3,27.3,1.4,45
South Dakota,460449,66.5,2.7,65,62.6,853175,50.1,70.9,50.2,3.4,84.9,1.7,1.3,46
Tennessee,3156636,55.7,4.7,56,51.5,6549352,48.7,73,52,4.9,77.6,16.9,1.6,47
Texas,13210842,60.2,3.9,57.6,53.9,26956958,49.7,69.2,50.9,38.6,75.2,12,4.3,48
Vermont,343957,62.5,3.6,62.9,59.2,626562,49.2,75.9,51.4,1.7,94.5,1,1.6,50
Utah,1435751,64,3.3,59.3,56.4,2942902,50.3,64.9,50.3,13.5,87.3,1.1,2.2,49
Virginia,4300221,60.6,3.9,60.6,57,8326289,49.2,73.2,51.4,8.8,68.9,19.2,6.1,51
Washington,3564013,59.1,4.1,58.3,54.6,7061530,50,73.4,50.4,12.2,77.7,3.6,7.8,53
West Virginia,803400,49.5,3.7,48.7,45.9,1850326,49.4,75.2,51.1,1.3,93.6,3.7,0.6,54
Wisconsin,3080347,63.3,3.5,63.3,60.3,5757564,49.6,73.3,50.8,6.4,86.3,6.3,2.6,55
Wyoming,312702,64.8,2.9,62.6,60,584153,50.9,72.3,49.2,9.8,91,1.1,0.9,56
Puerto Rico,1280836,36.3,8.2,39.5,32,3548397,48,73.6,53.1,99,71,8.4,0.2,72
